Entry Number,Name,OCR Entry Number,OCR Name,Q1,Q2,Q3,Q4,Q5,Marks,Comments
2022CSB1078,DHARMASOTH VIKRAMNAIK,2022C5B1078,D. Vikram Naik,0,0,0,0,0,0,Name mismatch: Sheet='DHARMASOTH VIKRAMNAIK' vs OCR='D. Vikram Naik' (sim=0.29)
2024CSB1401,ABHIJIT KISHAN KAMBLE,2024CSB1401,Abhijit Kishan kamble,0,0,0,0,0,0,
2024MCB1333,BHAVYA BANSAL,2024MCB1333,Bhavya Bansal,0,0,2,0,0,2,
2024MCB1353,JASKARAN KORA,2024MCB1353,Jaskaran Kora,0,2,2,0,0,4,
2024MCB1403,ARJUN S,2024MCB1403,ARJUN S,0,0,0,0,0,0,
2025CSB1151,Aashil Ubbott,2025CSBIISI,Aashil Ubbott,0,0,2,0,0,2,
2025CSB1152,Abhidipa Verma,2025C5B1152,Abhidipa Verma,0,0,0,0,0,0,
2025CSB1154,Aditya _,2025CSB1154,Aditya,0,0,0,0,0,0,
2025CSB1155,Aditya Gothwal,202SCSB1155,Aditya Gothwal,0,0,2,0,0,2,
2025CSB1156,Akanksha Kumari,2025CSB1156,Akanksha,0,2,0,0,0,2,Name mismatch: Sheet='Akanksha Kumari' vs OCR='Akanksha' (sim=0.54)
2025CSB1157,Aman Gupta,2025CSB1157,AMAN GUPTA,0,0,0,0,0,0,
2025CSB1158,Amgoth Arun,2025CSB1158,Amgoth Arun,0,0,2,0,0,2,
2025CSB1162,Ansh Garg,2025CSB.11.6.2,Arsh Goy,0,0,0,0,0,0,Name mismatch: Sheet='Ansh Garg' vs OCR='Arsh Goy' (sim=0.40)
2025CSB1163,Anuradha Kanaujiya,2025CSB1163,ANURADHA KANAUJIYA,0,0,2,0,0,2,
2025CSB1165,Arshi _,2025CSB1165,ARSHI,0,0,0,2,0,2,
2025CSB1170,Ayush Raj,2025CSB1170,Ayush Raj,0,0,0,0,0,0,
2025CSB1172,Beladiya Aryan Jitendrabhai,2025CSB1172,Aryun Beludiyu,0,0,2,0,0,2,Name mismatch: Sheet='Beladiya Aryan Jitendrabhai' vs OCR='Aryun Beludiyu' (sim=0.36)
2025CSB1173,Bhavesh Kumar,2025CSB1173,Bhavesh Kumar,0,0,0,0,0,0,
2025CSB1174,Bhosale Harshvardhan Padmakar,2025CSB1174,Bhosale Harshvardhan,0,0,0,0,0,0,
2025CSB1177,Bugatha Jay Ram,2025CSB1177,B. Jayram,0,0,0,0,0,0,Name mismatch: Sheet='Bugatha Jay Ram' vs OCR='B. Jayram' (sim=0.28)
2025CSB1182,Devam Baba Burhan,20256SB1182,Devan B. Burhan,2,2,2,0,2,8,Name mismatch: Sheet='Devam Baba Burhan' vs OCR='Devan B. Burhan' (sim=0.59)
2025CSB1186,Dhruvesh Maithani,2025CSB1186,Dhruvesh Maithai,0,0,0,0,0,0,
2025CSB1190,Duddupudi Rupika,2025.CSB.119.0,D. Rupika,0,2,2,0,0,4,Name mismatch: Sheet='Duddupudi Rupika' vs OCR='D. Rupika' (sim=0.45)
2025CSB1202,Jatin Singla,2025CSB1202,Satin Singla,0,0,0,0,0,0,
2025CSB1203,Jayanth Kumar Dahire,2025CSB1203,Jayanth Kumar Dahire,0,0,2,0,0,2,
2025CSB1204,Kanchi Aggarwal,2025 CSB 1204,Kanchi Aggarwal,0,0,2,0,0,2,
2025CSB1205,Keerat Singh Vohra,2025CSB1205,Keerat Singh Vohra,0,0,0,0,0,0,
2025CSB1206,Khush Varshney,2025CSB1206,KHUSH VARSHNEY,0,0,0,0,0,0,
2025CSB1214,Maaninder Singh,2025CSB1214,Mooninder Singh,0,0,0,0,0,0,
2025CSB1217,Manas Soumya,2025CSB1217,Monas Soumya,0,0,0,0,0,0,
2025CSB1218,Mansi Goyal,2025CSB1218,Mansi Goyal,0,0,2,2,0,4,
2025CSB1220,Meet Kamlesh Trivedi,2025CSB1220,Meet Trivedi,0,0,0,0,0,0,
2025CSB1230,Ojasvi _,2025.CSB12.30,Ojasvi,0,0,2,0,0,2,
2025CSB1231,Paridhi _,2025CSB1231,Parichi,0,0,0,0,0,0,Name mismatch: Sheet='Paridhi _' vs OCR='Parichi' (sim=0.47)
2025MCB1454,Aayush Santosh Bhosale,2025mCB1454,Aayush Santosh Bhosale,0,0,0,0,0,0,
2025MCB1456,Abhiraj Maurya,2025MCB1456,Abhiraj Maurya,0,0,0,0,0,0,
2025MCB1458,Adarsh Singh,2025 MCB 1458,Adarsh Singh,0,0,2,0,0,2,
2025MCB1459,Aditya Anand,2025MCB1459,Aditya,0,0,0,0,0,0,Name mismatch: Sheet='Aditya Anand' vs OCR='Aditya' (sim=0.53)
2025MCB1462,Amey Jangra,2025MCB.1462,AMEY. JANGRA,0,0,0,0,0,0,
2025MCB1466,Arnav Singh,2025MCB14.66,ARNAV SINGH,0,2,0,0,0,2,
2025MCB1467,Aryan Dhar,2025MCB1467,Aryan Dhan,0,0,0,0,0,0,
2025MCB1468,Aryan Sahu,2025.mcb.1468,ARYAN SAHU,0,2,0,0,0,2,
2025MCB1474,Debasis Pradhan,2025 MCB1474,Debars Pradhan,2,2,0,0,0,4,
2025MCB1477,Ekamjot Singh,2025 MCB 1477,Ekamjot Singh,0,0,0,0,0,0,
2025MCB1480,Hazel Garg,2025MCB1480,Hazel Gary,0,2,2,0,2,6,
2025MCB1481,J Nagachaitanya,2025MCB1481,Naga chaitanya,0,2,2,0,0,4,Name mismatch: Sheet='J Nagachaitanya' vs OCR='Naga chaitanya' (sim=0.48)
2025MCB1482,Jashraj Singh Parmar,2025MCB1482,Jashraj Parmar,0,2,0,0,0,2,
2025MCB1500,Neelabh Mishra,2025MCB1500,Neelabh Mishra,0,0,0,0,0,0,
2025MCB1501,Nenavath Naveen,2025MCB1501,NENAVATH NAVEEN,0,0,2,0,0,2,
2025MCB1502,Nishant _,2025MCB1502,NISHANT,0,0,2,0,0,2,
2025MCB1511,Ronit Biswal,2025MCB1511,RONIT BISWAL,0,2,0,0,0,2,
2024CSB1057,AMAN RAJ,2029056.105.7,Amon Roj,0,0,0,0,0,0,"Fuzzy Match: OCR ID='2029056.105.7', OCR Name='Amon Roj'"
2024CSB1203,HARSHIT SAHU,2024CSB1093,Abhishulesh Gevin,0,0,0,0,0,0,"Fuzzy Match: OCR ID='2024CSB1093', OCR Name='Abhishulesh Gevin'"
2024CSB1215,KESHAOWAR SARTHAK NITIN,2024CSB1150,Sandesh Bairagi,0,0,0,0,0,0,"Fuzzy Match: OCR ID='2024CSB1150', OCR Name='Sandesh Bairagi'"
2024CSB1225,MOINAK GOSWAMI,2024C8B1215,Sarthak kghaowar,0,0,0,0,0,0,"Fuzzy Match: OCR ID='2024C8B1215', OCR Name='Sarthak kghaowar'"
2024CSB1376,RATHLAVATH JASHVANTH,2021CSB1176,Bisal Bhargav,0,0,0,0,0,0,"Fuzzy Match: OCR ID='2021CSB1176', OCR Name='Bisal Bhargav'"
2024MCB1389,SHOURYA PASTOR,2024MKB1389,Shourya Pastor,0,0,0,0,0,0,"Fuzzy Match: OCR ID='2024MKB1389', OCR Name='Shourya Pastor'"
2025CSB1153,Adarsh Sharma,2025CSB1159,AMULYA KABRA,0,0,0,0,0,0,"Fuzzy Match: OCR ID='2025CSB1159', OCR Name='AMULYA KABRA'"
2025CSB1159,Amulya Kabra,2025CSB1169,ASHLYN ALDRIN JOSE,0,2,0,0,0,2,"Fuzzy Match: OCR ID='2025CSB1169', OCR Name='ASHLYN ALDRIN JOSE'"
2025CSB1160,Anjali Choudhary,2025CSB1180,Chayam. Juneja,0,0,0,0,0,0,"Fuzzy Match: OCR ID='2025CSB1180', OCR Name='Chayam. Juneja'"
2025CSB1161,Ankush Raj,2025CSB1261,Shloka,0,0,0,0,0,0,"Fuzzy Match: OCR ID='2025CSB1261', OCR Name='Shloka'"
2025CSB1164,Arpit Yadav,2025CSB164,Shubham Kumar,0,0,0,0,0,0,"Fuzzy Match: OCR ID='2025CSB164', OCR Name='Shubham Kumar'"
2025CSB1166,Arya Singh Sidar,2025CSB1266,Varun Meena,0,0,2,0,0,2,"Fuzzy Match: OCR ID='2025CSB1266', OCR Name='Varun Meena'"
2025CSB1167,Aryan Kumar,2025CSB1267,Vineet Jatol,0,0,0,0,0,0,"Fuzzy Match: OCR ID='2025CSB1267', OCR Name='Vineet Jatol'"
2025CSB1168,Ashish _,2025CSB1178,Chandan Singh,0,2,0,0,0,2,"Fuzzy Match: OCR ID='2025CSB1178', OCR Name='Chandan Singh'"
2025CSB1169,Ashlyn Aldrin Jose,2025 CSA 1199,Horsh Thapar,0,0,2,0,0,2,"Fuzzy Match: OCR ID='2025 CSA 1199', OCR Name='Horsh Thapar'"
2025CSB1175,Bijjula Sai Akshaya,2025CSB1185,DHRUV KUMAR GUPTA,2,0,0,0,0,2,"Fuzzy Match: OCR ID='2025CSB1185', OCR Name='DHRUV KUMAR GUPTA'"
2025CSB1176,Bollikonda Sai Bhargav,2025CSB1196,Gurnoor Singh,0,0,0,0,0,0,"Fuzzy Match: OCR ID='2025CSB1196', OCR Name='Gurnoor Singh'"
2025CSB1178,Chandan Singh,2025CSB1188,Digvijaya,0,0,0,0,0,0,"Fuzzy Match: OCR ID='2025CSB1188', OCR Name='Digvijaya'"
2025CSB1179,Chandana Akash Meher,202SCS1179,Chandana Akash Meher,0,0,0,0,0,0,"Fuzzy Match: OCR ID='202SCS1179', OCR Name='Chandana Akash Meher'"
2025CSB1180,Chayan Juneja,2025csb1184,DHIRAJ KUMAR,0,0,0,0,0,0,"Fuzzy Match: OCR ID='2025csb1184', OCR Name='DHIRAJ KUMAR'"
2025CSB1181,Daksh Gupta,202 SCSB1184,Divya Gupta,0,0,0,0,0,0,"Fuzzy Match: OCR ID='202 SCSB1184', OCR Name='Divya Gupta'"
2025CSB1183,Dhawal Rastogi,2025CSB183,Dhawal Rastogi,0,0,2,2,0,4,"Fuzzy Match: OCR ID='2025CSB183', OCR Name='Dhawal Rastogi'"
2025CSB1184,Dhiraj Kumar,202SCSB1194,Gugulo.th Karthik,0,0,0,0,0,0,"Fuzzy Match: OCR ID='202SCSB1194', OCR Name='Gugulo.th Karthik'"
2025CSB1185,Dhruv Kumar Gupta,2025CSB1187,Dhwanit Patel,0,0,0,0,0,0,"Fuzzy Match: OCR ID='2025CSB1187', OCR Name='Dhwanit Patel'"
2025CSB1187,Dhwanit Kalpesh Patel,2025CSB1227,Aditya Nambiar,0,0,0,0,0,0,"Fuzzy Match: OCR ID='2025CSB1227', OCR Name='Aditya Nambiar'"
2025CSB1188,Digvijaya Singh,20.25.CSB.12.28,NAMIT JAIN,0,0,0,0,0,0,"Fuzzy Match: OCR ID='20.25.CSB.12.28', OCR Name='NAMIT JAIN'"
2025CSB1189,Divya Gupta,2025CSB1229,Nilambuj Tripathi,0,0,0,0,0,0,"Fuzzy Match: OCR ID='2025CSB1229', OCR Name='Nilambuj Tripathi'"
2025CSB1191,Gorish Lamba,2025CSB1192,G. Rupesh,0,0,0,0,0,0,"Fuzzy Match: OCR ID='2025CSB1192', OCR Name='G. Rupesh'"
2025CSB1192,Gorle Rupesh,2025CSB1193,GOURAV,0,0,0,0,0,0,"Fuzzy Match: OCR ID='2025CSB1193', OCR Name='GOURAV'"
2025CSB1193,Gourav _,2025CSB1195,Gunjan Chaudhary,0,0,0,0,0,0,"Fuzzy Match: OCR ID='2025CSB1195', OCR Name='Gunjan Chaudhary'"
2025CSB1194,Guguloth Karthik,2023CSB1154,Rohan Bhalkar,0,0,0,0,0,0,"Fuzzy Match: OCR ID='2023CSB1154', OCR Name='Rohan Bhalkar'"
2025CSB1195,Gunjan Chaudhary,2025CSB1255,Satyam Bharti,0,0,2,0,0,2,"Fuzzy Match: OCR ID='2025CSB1255', OCR Name='Satyam Bharti'"
2025CSB1196,Gurnoor Singh,2025CSB1256,SAURABHRAJ SINGH,0,2,2,2,0,6,"Fuzzy Match: OCR ID='2025CSB1256', OCR Name='SAURABHRAJ SINGH'"
2025CSB1197,Hanzala Zaid,2025CSB1257,Shalin Javaria,0,0,0,0,0,0,"Fuzzy Match: OCR ID='2025CSB1257', OCR Name='Shalin Javaria'"
2025CSB1198,Hapavath Shiva Kumar,2025CSB1268,Yash Kumar,0,0,0,0,0,0,"Fuzzy Match: OCR ID='2025CSB1268', OCR Name='Yash Kumar'"
2025CSB1199,Harsh Thapar,2025CSB1249,Sai Pasthan,0,0,0,0,0,0,"Fuzzy Match: OCR ID='2025CSB1249', OCR Name='Sai Pasthan'"
2025CSB1200,Izyan Zuberi,2025CSB1202,Jaspreet Kaur,0,0,0,0,0,0,"Fuzzy Match: OCR ID='2025CSB1202', OCR Name='Jaspreet Kaur'"
2025CSB1201,Jaspreet Kaur,2025CSB1211,Kunal Singh Baghel,0,0,0,0,0,0,"Fuzzy Match: OCR ID='2025CSB1211', OCR Name='Kunal Singh Baghel'"
2025CSB1207,Khushi Shinde,2025CSB1209,Krishaa sheetal golghate,0,0,0,0,0,0,"Fuzzy Match: OCR ID='2025CSB1209', OCR Name='Krishaa sheetal golghate'"
2025CSB1208,Kingson Ranjan,2025CS11203,kingson Ramjan,0,0,0,0,0,0,"Fuzzy Match: OCR ID='2025CS11203', OCR Name='kingson Ramjan'"
2025CSB1209,Krishaa Sheetal Golghate,2025CSB123.9,Preeti,0,0,0,0,0,0,"Fuzzy Match: OCR ID='2025CSB123.9', OCR Name='Preeti'"
2025CSB1210,Krrish Dagar,2025CSB1216,Mainam Dushyant,0,0,0,0,0,0,"Fuzzy Match: OCR ID='2025CSB1216', OCR Name='Mainam Dushyant'"
2025CSB1211,Kunal Singh Baghel,2025CSB1212,Lakshay Kumar Padam,0,0,0,0,0,0,"Fuzzy Match: OCR ID='2025CSB1212', OCR Name='Lakshay Kumar Padam'"
2025CSB1212,Lakshay Kumar Padam,2025CSB1262,TANISHA,0,0,0,0,0,0,"Fuzzy Match: OCR ID='2025CSB1262', OCR Name='TANISHA'"
2025CSB1213,Leeza _,2025CSB1215,MAHIT CHOPRA,0,0,0,0,0,0,"Fuzzy Match: OCR ID='2025CSB1215', OCR Name='MAHIT CHOPRA'"
2025CSB1215,Mahit Chopra,2025CSB1235,Poorab Singhi,0,2,0,0,0,2,"Fuzzy Match: OCR ID='2025CSB1235', OCR Name='Poorab Singhi'"
2025CSB1216,Mainam Dushyanth,2025CSB1226,Mohammed Rehoon CT,0,0,2,0,0,2,"Fuzzy Match: OCR ID='2025CSB1226', OCR Name='Mohammed Rehoon CT'"
2025CSB1219,Mayank _,2025CSB1259,SIDDA VASUMAT,0,0,0,0,0,0,"Fuzzy Match: OCR ID='2025CSB1259', OCR Name='SIDDA VASUMAT'"
2025CSB1221,Menkudle Shreyash Sudhir,2025CSB1222,Minesh Kr. Meena,0,0,2,0,0,2,"Fuzzy Match: OCR ID='2025CSB1222', OCR Name='Minesh Kr. Meena'"
2025CSB1222,Minesh Kumar Meena,2025CSB1232,Parkhi Jain,0,0,0,0,0,0,"Fuzzy Match: OCR ID='2025CSB1232', OCR Name='Parkhi Jain'"
2025CSB1223,Mishra Rishikesh,2025.CS.B.1224,,0,0,0,0,0,0,"Fuzzy Match: OCR ID='2025.CS.B.1224', OCR Name=''"
2025CSB1224,Mohit Dhaka,2025CSB1264,TANUJ,0,2,0,0,0,2,"Fuzzy Match: OCR ID='2025CSB1264', OCR Name='TANUJ'"
2025CSB1225,Monish Chandra Ponugoti,2024CSB1225,MOINAK K. GOSWAMI,0,0,0,0,0,0,"Fuzzy Match: OCR ID='2024CSB1225', OCR Name='MOINAK K. GOSWAMI'"
2025CSB1226,Muhammed Rehaan C T,2025CSB1236,Pragam Dixit,0,0,2,0,0,2,"Fuzzy Match: OCR ID='2025CSB1236', OCR Name='Pragam Dixit'"
2025CSB1227,Nambiar Aditya Manu,202SC5B122,Menkudle Shreyash Sudhir,0,0,0,0,0,0,"Fuzzy Match: OCR ID='202SC5B122', OCR Name='Menkudle Shreyash Sudhir'"
2025CSB1228,Namit Jain,2025CSB1252,Saksham Garg,0,0,0,0,0,0,"Fuzzy Match: OCR ID='2025CSB1252', OCR Name='Saksham Garg'"
2025CSB1229,Nilambuj Tripathi,202SCSB1250,Sainyam,2,0,0,0,0,2,"Fuzzy Match: OCR ID='202SCSB1250', OCR Name='Sainyam'"
2025CSB1232,Parkhi Jain,2025CSB1242,RISHIT GUPTA,0,0,2,0,0,2,"Fuzzy Match: OCR ID='2025CSB1242', OCR Name='RISHIT GUPTA'"
2025CSB1233,Parth Shainesh,2025.CSB1253,Saksham Yadav,0,2,0,0,0,2,"Fuzzy Match: OCR ID='2025.CSB1253', OCR Name='Saksham Yadav'"
2025CSB1234,Piyush Kumar,2025CSB1254,Saket P. Bansal,0,2,2,0,0,4,"Fuzzy Match: OCR ID='2025CSB1254', OCR Name='Saket P. Bansal'"
2025CSB1235,Poorab Singhi,2025CSB1265,Tushar,0,0,0,0,0,0,"Fuzzy Match: OCR ID='2025CSB1265', OCR Name='Tushar'"
2025CSB1236,Pragam Dixit,2025CSB1240,Raghav Anand,0,0,0,0,0,0,"Fuzzy Match: OCR ID='2025CSB1240', OCR Name='Raghav Anand'"
2025CSB1237,Pranjal Agarwal,2025CSB1260,Somil Dhawan,0,0,0,0,0,0,"Fuzzy Match: OCR ID='2025CSB1260', OCR Name='Somil Dhawan'"
2025CSB1238,Prattoy Das,2025CS131238,Pratey Das,0,0,0,0,0,0,"Fuzzy Match: OCR ID='2025CS131238', OCR Name='Pratey Das'"
2025CSB1239,Preeti _,2025CSB1241,Ram Krishna Das,0,0,2,0,2,4,"Fuzzy Match: OCR ID='2025CSB1241', OCR Name='Ram Krishna Das'"
2025CSB1240,Raghav Anand,2025CSB1245,Ritul Kumar,0,0,0,0,0,0,"Fuzzy Match: OCR ID='2025CSB1245', OCR Name='Ritul Kumar'"
2025CSB1241,Ram Krishna Das,2025cb61244,Ritika Chaudhary,0,0,0,0,0,0,"Fuzzy Match: OCR ID='2025cb61244', OCR Name='Ritika Chaudhary'"
2025CSB1242,Rishit Gupta,2028CSB1246,Rehan yadav,0,0,0,0,0,0,"Fuzzy Match: OCR ID='2028CSB1246', OCR Name='Rehan yadav'"
2025CSB1243,Ritesh Gupta,2025(SP1243,Ritish Gupta,0,0,0,0,0,0,"Fuzzy Match: OCR ID='2025(SP1243', OCR Name='Ritish Gupta'"
2025CSB1244,Ritika Chaudhary,2015CSB1248,Rudra,0,0,0,0,0,0,"Fuzzy Match: OCR ID='2015CSB1248', OCR Name='Rudra'"
2025CSB1245,Ritul Kumar,20251581225,Monish.P,0,0,0,0,0,0,"Fuzzy Match: OCR ID='20251581225', OCR Name='Monish.P'"
2025CSB1246,Rohan Yadav,2021CSB1247,Rohit Kumar Gond,0,0,0,0,0,0,"Fuzzy Match: OCR ID='2021CSB1247', OCR Name='Rohit Kumar Gond'"
2025CSB1247,Rohit Kumar Gond,2025CSB1263,TANMAY KUMAR JAYANT,0,0,0,0,0,0,"Fuzzy Match: OCR ID='2025CSB1263', OCR Name='TANMAY KUMAR JAYANT'"
2025CSB1249,Sai Pastham,2024CSB1349,Hemachandran V,0,2,2,2,0,6,"Fuzzy Match: OCR ID='2024CSB1349', OCR Name='Hemachandran V'"
2025CSB1250,Sainyam Sanjog Sharma,2025CSBIRIO,Krrish Dagar,0,0,0,0,0,0,"Fuzzy Match: OCR ID='2025CSBIRIO', OCR Name='Krrish Dagar'"
2025CSB1253,Saksham Yadav,2021CSB1153,Adarsh,0,0,0,0,0,0,"Fuzzy Match: OCR ID='2021CSB1153', OCR Name='Adarsh'"
2025CSB1261,Surineni Shloka,20257.SB.1161,Ankush Raj,0,0,0,0,0,0,"Fuzzy Match: OCR ID='20257.SB.1161', OCR Name='Ankush Raj'"
2025CSB1263,Tanmay Kumar Jayant,2024 CSB1203,HARSHIT SAHU,0,0,2,0,0,2,"Fuzzy Match: OCR ID='2024 CSB1203', OCR Name='HARSHIT SAHU'"
2025CSB1268,Yash Kumar,202SCB1168,Ashish,0,0,0,0,0,0,"Fuzzy Match: OCR ID='202SCB1168', OCR Name='Ashish'"
2025MCB1453,Aare Pranavi,202SMCB.1455,ABHINAV RASTOGI,0,0,0,0,0,0,"Fuzzy Match: OCR ID='202SMCB.1455', OCR Name='ABHINAV RASTOGI'"
2025MCB1455,Abhinav Rastogi,2025MCB1457,ADAMYA RAJPUT,0,0,0,0,0,0,"Fuzzy Match: OCR ID='2025MCB1457', OCR Name='ADAMYA RAJPUT'"
2025MCB1457,Adamya Rajput,2025mcb1487,KRATIKA VERMA,0,0,0,0,0,0,"Fuzzy Match: OCR ID='2025mcb1487', OCR Name='KRATIKA VERMA'"
2025MCB1460,Aditya Negi,2025mcb1461,Ajitesh Singh Bhullar,0,2,0,0,0,2,"Fuzzy Match: OCR ID='2025mcb1461', OCR Name='Ajitesh Singh Bhullar'"
2025MCB1461,Ajitesh Singh Bhullar,202.5MCB.1469,Aphamveer Singh Sallen,0,0,0,0,0,0,"Fuzzy Match: OCR ID='202.5MCB.1469', OCR Name='Aphamveer Singh Sallen'"
2025MCB1463,Anika Agrawal,2025mcb1483,Jatin,0,0,0,0,0,0,"Fuzzy Match: OCR ID='2025mcb1483', OCR Name='Jatin'"
2025MCB1464,Anshika Sharma,2025MCB1484,Kortik Modari,0,0,0,0,0,0,"Fuzzy Match: OCR ID='2025MCB1484', OCR Name='Kortik Modari'"
2025MCB1465,Arhaan Singh,2025MCB1475,Dhoryaveen. Singh,0,0,2,0,0,2,"Fuzzy Match: OCR ID='2025MCB1475', OCR Name='Dhoryaveen. Singh'"
2025MCB1469,Ashamveer Singh Sallan,2025MCB1499,MALAY NANDASANA,0,0,2,0,0,2,"Fuzzy Match: OCR ID='2025MCB1499', OCR Name='MALAY NANDASANA'"
2025MCB1470,Boddu Kasyap,2025MCB1490,Lalit Kumar,0,2,0,0,0,2,"Fuzzy Match: OCR ID='2025MCB1490', OCR Name='Lalit Kumar'"
2025MCB1471,Challa Niharika,2025MCB147B,,0,0,0,0,0,0,"Fuzzy Match: OCR ID='2025MCB147B', OCR Name=''"
2025MCB1472,Chetan Yadav,2025MCB1492,Manish Raj Ahirwar,0,0,0,0,0,0,"Fuzzy Match: OCR ID='2025MCB1492', OCR Name='Manish Raj Ahirwar'"
2025MCB1473,Dasari Anushna,2025MCB1479,HARSHIL GOYAL,0,2,2,0,0,4,"Fuzzy Match: OCR ID='2025MCB1479', OCR Name='HARSHIL GOYAL'"
2025MCB1475,Dharyaveer Singh,2025 MCB1485,KASHISH AGGARWAL,0,0,2,0,0,2,"Fuzzy Match: OCR ID='2025 MCB1485', OCR Name='KASHISH AGGARWAL'"
2025MCB1476,Divyanshu Saroj,2025MCB1486,K-Siri. Chandana,0,0,0,0,0,0,"Fuzzy Match: OCR ID='2025MCB1486', OCR Name='K-Siri. Chandana'"
2025MCB1478,Harendra Fageriya,2025MC81498,Mukesh prajapat,0,2,2,2,0,6,"Fuzzy Match: OCR ID='2025MC81498', OCR Name='Mukesh prajapat'"
2025MCB1479,Harshil Goyal,2025MCB1519,Shravan,0,0,0,0,0,0,"Fuzzy Match: OCR ID='2025MCB1519', OCR Name='Shravan'"
2025MCB1483,Jatin Dahiya,2025MCB1488,Surya Tija,0,0,0,0,0,0,"Fuzzy Match: OCR ID='2025MCB1488', OCR Name='Surya Tija'"
2025MCB1484,Kartik Madavi,2025MCB1494,Marwan PK Rahman,0,2,0,0,0,2,"Fuzzy Match: OCR ID='2025MCB1494', OCR Name='Marwan PK Rahman'"
2025MCB1485,Kashish Aggarwal,2025MCB1989,Lokshya Goswomi,0,0,2,0,0,2,"Fuzzy Match: OCR ID='2025MCB1989', OCR Name='Lokshya Goswomi'"
2025MCB1486,Katepally Siri Chandana,2025MCB1496,M. Gouthami,0,0,0,0,0,0,"Fuzzy Match: OCR ID='2025MCB1496', OCR Name='M. Gouthami'"
2025MCB1487,Kratika Verma,2025MCB1497,Mridul,0,0,0,0,0,0,"Fuzzy Match: OCR ID='2025MCB1497', OCR Name='Mridul'"
2025MCB1488,Kyadasi Surya Teja,2025MCB1508,Priyesh Rai,0,0,2,2,0,4,"Fuzzy Match: OCR ID='2025MCB1508', OCR Name='Priyesh Rai'"
2025MCB1489,Lakshya Goswami,2025MCB1509,Rishi Kumawat,0,0,0,0,0,0,"Fuzzy Match: OCR ID='2025MCB1509', OCR Name='Rishi Kumawat'"
2025MCB1490,Lalit Kumar,2025MCB1520,Shilyanth Raj,0,0,0,0,0,0,"Fuzzy Match: OCR ID='2025MCB1520', OCR Name='Shilyanth Raj'"
2025MCB1491,Manish _,2015MCB1491,Manish,0,0,0,0,0,0,"Fuzzy Match: OCR ID='2015MCB1491', OCR Name='Manish'"
2025MCB1492,Manish Raj Ahirwar,2025MCB1522,SORYAD MADREKAR,0,0,0,0,0,0,"Fuzzy Match: OCR ID='2025MCB1522', OCR Name='SORYAD MADREKAR'"
2025MCB1493,Mansha _,2025MCB1993,Mansha,0,0,0,0,0,0,"Fuzzy Match: OCR ID='2025MCB1993', OCR Name='Mansha'"
2025MCB1494,Marwan P K Rahman,202JMCB1454,Aayush Santosh Bhajale,0,0,0,0,0,0,"Fuzzy Match: OCR ID='202JMCB1454', OCR Name='Aayush Santosh Bhajale'"
2025MCB1495,Matte Suchith Naidu,2025MCBI505,PARAM DAMANI,0,2,0,0,0,2,"Fuzzy Match: OCR ID='2025MCBI505', OCR Name='PARAM DAMANI'"
2025MCB1496,Meesala Gouthami,2025MCB1526,Manvith Vaisetti,0,0,0,0,0,0,"Fuzzy Match: OCR ID='2025MCB1526', OCR Name='Manvith Vaisetti'"
2025MCB1497,Mridul Kumar Rathore,2025MCB1S17,Seerat Mehta,0,0,2,0,0,2,"Fuzzy Match: OCR ID='2025MCB1S17', OCR Name='Seerat Mehta'"
2025MCB1498,Mukesh Prajapat,2025MCB1518,Shivam Garg,0,0,0,0,0,0,"Fuzzy Match: OCR ID='2025MCB1518', OCR Name='Shivam Garg'"
2025MCB1499,Nandasana Malay Jagdishbhai,2025MCB1529,Vishu Garg,0,0,0,0,0,0,"Fuzzy Match: OCR ID='2025MCB1529', OCR Name='Vishu Garg'"
2025MCB1503,Obulampalli Nipun Tej Reddy,2025MCB1523,Tanish Takkus,0,0,2,0,0,2,"Fuzzy Match: OCR ID='2025MCB1523', OCR Name='Tanish Takkus'"
2025MCB1504,Paghadal Jenis Alpeshbhai,20.25MCB504,Jenis Paghadell,0,2,0,0,0,2,"Fuzzy Match: OCR ID='20.25MCB504', OCR Name='Jenis Paghadell'"
2025MCB1505,Param Damani,2025.MCBIS13,Sakshi Meena,0,0,0,0,0,0,"Fuzzy Match: OCR ID='2025.MCBIS13', OCR Name='Sakshi Meena'"
2025MCB1506,Praveen Verma,2025m.6.1506,PRAVEEN VERMA,0,0,0,0,0,0,"Fuzzy Match: OCR ID='2025m.6.1506', OCR Name='PRAVEEN VERMA'"
2025MCB1507,Prithvi Nilesh Presswala,2025MCB1527,Vanshika,0,0,0,0,2,2,"Fuzzy Match: OCR ID='2025MCB1527', OCR Name='Vanshika'"
2025MCB1508,Priyesh Rai,2025HCB1528,VEER,0,0,0,0,0,0,"Fuzzy Match: OCR ID='2025HCB1528', OCR Name='VEER'"
2025MCB1509,Rishi Kumawat,2025MCB1530,YASH NEHRA,0,0,0,0,0,0,"Fuzzy Match: OCR ID='2025MCB1530', OCR Name='YASH NEHRA'"
2025MCB1510,Ritesh Rai,2025MEB1510,Ritesh Rai,0,0,0,0,0,0,"Fuzzy Match: OCR ID='2025MEB1510', OCR Name='Ritesh Rai'"
2025MCB1513,Sakshi Meena,2025MEB1515,Samont Sanywa,0,0,0,0,0,0,"Fuzzy Match: OCR ID='2025MEB1515', OCR Name='Samont Sanywa'"
2025MCB1514,Samarth Jain,2025 MCB 1521,SHRUTIRAI,0,0,0,0,0,0,"Fuzzy Match: OCR ID='2025 MCB 1521', OCR Name='SHRUTIRAI'"
2025MCB1523,Tanish Takkar,201SMCR1503,O.Nipan Tej. Reddy,0,0,0,0,0,0,"Fuzzy Match: OCR ID='201SMCR1503', OCR Name='O.Nipan Tej. Reddy'"
2025MCB1526,Vaisetti Manvith,2024MCB126,ARAHAN A. GARG,2,0,0,0,0,2,"Fuzzy Match: OCR ID='2024MCB126', OCR Name='ARAHAN A. GARG'"
2005081234,Piyush Kumar,2005081234,Piyush Kumar,0,0,0,0,0,0,Not found in Master Student List
2015081524,TANVIR JAURR,2015081524,TANVIR JAURR,0,0,0,0,0,0,Not found in Master Student List
20230831191,Gorish,20230831191,Gorish,0,0,0,0,0,0,Not found in Master Student List
2023CSB1154,ROHAN BHASKAR,,,,,,,,,Absent / No Answer Sheet Found
2023MB1476,Divyanshu,2023MB1476,Divyanshu,0,2,0,2,0,4,Not found in Master Student List
20244B1376,Rath lawath Jashuanth,20244B1376,Rath lawath Jashuanth,0,2,2,2,0,6,Not found in Master Student List
2024CSB1093,ABHISHULESH GEVIN,,,,,,,,,Absent / No Answer Sheet Found
2024CSB1150,SANDESH BAIRAGI,,,,,,,,,Absent / No Answer Sheet Found
2024CSB1349,HEMACHANDRAN V,,,,,,,,,Absent / No Answer Sheet Found
2024MCB1261,ARAHANA GARG,,,,,,,,,Absent / No Answer Sheet Found
2024MCB1297,JAYANT KUMAR NANDA,,,,,,,,,Absent / No Answer Sheet Found
2024MCB1403,ARJUN S,2024MCB1403,ARJUN S,0,0,0,0,0,0,Not found in Master Student List
20250831287,Pranjal Agarwal,20250831287,Pranjal Agarwal,0,0,2,0,0,2,Not found in Master Student List
2025CSB1248,Rudra _,,,,,,,,,Absent / No Answer Sheet Found
2025CSB1251,Saksham _,,,,,,,,,Absent / No Answer Sheet Found
2025CSB1252,Saksham Garg,,,,,,,,,Absent / No Answer Sheet Found
2025CSB1254,Sakshat Bansal,,,,,,,,,Absent / No Answer Sheet Found
2025CSB1255,Satyam Bharti,,,,,,,,,Absent / No Answer Sheet Found
2025CSB1256,Saurabhraj Singh,,,,,,,,,Absent / No Answer Sheet Found
2025CSB1257,Shalin Javaria,,,,,,,,,Absent / No Answer Sheet Found
2025CSB1259,Sidda Vasumat,,,,,,,,,Absent / No Answer Sheet Found
2025CSB1260,Somil Dhawan,,,,,,,,,Absent / No Answer Sheet Found
2025CSB1262,Tanisha _,,,,,,,,,Absent / No Answer Sheet Found
2025CSB1264,Tanuj _,,,,,,,,,Absent / No Answer Sheet Found
2025CSB1265,Tushar _,,,,,,,,,Absent / No Answer Sheet Found
2025CSB1266,Varun Meena,,,,,,,,,Absent / No Answer Sheet Found
2025CSB1267,Vineet Jatol,,,,,,,,,Absent / No Answer Sheet Found
2025CSB1641,Shubham Kumar,,,,,,,,,Absent / No Answer Sheet Found
2025MB1472,Cheton Yodou,2025MB1472,Cheton Yodou,0,0,2,0,0,2,Not found in Master Student List
2025MCB1515,Samrat Sanjiva,,,,,,,,,Absent / No Answer Sheet Found
2025MCB1516,Sarthak Nayak,,,,,,,,,Absent / No Answer Sheet Found
2025MCB1517,Seerat Mehta,,,,,,,,,Absent / No Answer Sheet Found
2025MCB1518,Shivam Garg,,,,,,,,,Absent / No Answer Sheet Found
2025MCB1519,Shravan _,,,,,,,,,Absent / No Answer Sheet Found
2025MCB1520,Shreyansh Raj,,,,,,,,,Absent / No Answer Sheet Found
2025MCB1521,Shruti Rai,,,,,,,,,Absent / No Answer Sheet Found
2025MCB1522,Surya Madrekar,,,,,,,,,Absent / No Answer Sheet Found
2025MCB1524,Tanvir Jaurr,,,,,,,,,Absent / No Answer Sheet Found
2025MCB1525,Thouti Sai Prasanna Goud,,,,,,,,,Absent / No Answer Sheet Found
2025MCB1527,Vanshika Singh,,,,,,,,,Absent / No Answer Sheet Found
2025MCB1528,Veer _,,,,,,,,,Absent / No Answer Sheet Found
2025MCB1529,Vishu Garg,,,,,,,,,Absent / No Answer Sheet Found
2025MCB1530,Yash Nehra,,,,,,,,,Absent / No Answer Sheet Found
,,,,,,,,,,
,STATISTICS,,,,,,,,,
,Mean / Average,,,,,,,,0.97,
,Median,,,,,,,,0,
,Highest,,,,,,,,8,
,Lowest,,,,,,,,0,