Entry Number,Name,OCR Entry Number,Processed Entry Number,OCR Name,Q1,Q2,Q3,Q4,Q5,Marks,Comments
2023CSB1154,ROHAN BHASKAR,2023CSB1154,2023CSB1154,ROMAN BHASKAR,1,-0.5,1,2,1,4.5,[2-pass verified]
2024CSB1057,AMAN RAJ,2024CSB1057,2024CSB1057,AMAN RAJ,1,2,1,2,1,7,[2-pass verified]
2024CSB1093,ABHISHULESH GEVIN,2024CSB1093,2024CSB1093,ABHISHULESH GEVIN,-0.25,-0.5,-0.25,-0.5,1,-0.5,[2-pass verified]
2024CSB1150,SANDESH BAIRAGI,2024CSB1150,2024CSB1150,SANDESH BAIRAGI,-0.25,-0.5,1,-0.5,-0.25,-0.5,[2-pass verified]
2024CSB1203,HARSHIT SAHU,2024CSB1203,2024CSB1203,HARSHIT SAHU,1,2,1,2,1,7,[2-pass verified]
2024CSB1215,KESHAOWAR SARTHAK NITIN,2024CSB1215,2024CSB1215,SARTHAK NITIN KESHAOWAR,1,-0.5,1,2,1,4.5,[2-pass verified]
2024CSB1225,MOINAK GOSWAMI,2024CSB1225,2024CSB1225,MOINAK GOSWAMI,-0.25,2,1,-0.5,1,3.25,[2-pass verified]
2024CSB1349,HEMACHANDRAN V,2024CSB1349,2024CSB1349,HEMACHANDRAN V,1,-0.5,1,2,1,4.5,[2-pass verified]
2024CSB1376,RATHLAVATH JASHVANTH,2024CSB1376,2024CSB1376,R. JASHVANTH,-0.25,-0.5,1,2,1,3.25,[2-pass verified]; Name mismatch: Sheet='RATHLAVATH JASHVANTH' vs OCR='R. JASHVANTH' (sim=0.49)
2024CSB1401,ABHIJIT KISHAN KAMBLE,2024CSB1401,2024CSB1401,ABHIJIT KISHAN KAMBLE,1,0,-0.25,2,1,3.75,[2-pass verified]
2024MCB1333,BHAVYA BANSAL,2024MCB1333,2024MCB1333,BHANYA BANSAL,1,2,0,2,1,6,[2-pass verified]
2024MCB1353,JASKARAN KORA,2024MCB1353,2024MCB1353,Jaskoron Kara,1,-0.5,1,-0.5,1,2,[2-pass verified]
2024MCB1389,SHOURYA PASTOR,2024MCB1389,2024MCB1389,SHOURYA PASTOR,1,2,-0.25,2,0,4.75,[2-pass verified]
2024MCB1403,ARJUN S,2024MCB1403,2024MCB1403,ARJUN.S,1,2,1,2,1,7,[2-pass verified]; Name mismatch: Sheet='ARJUN S' vs OCR='ARJUN.S' (sim=0.55)
2025CSB1151,Aashil Ubbott,202.5CSB1151,2025CSB1151,AASHIL. UBBOTT,1,2,1,2,1,7,
2025CSB1152,Abhidipa Verma,2025.C.SB.115.2,2025CSB1152,ABHI DIPA VERMA,1,2,1,2,1,7,[2-pass verified]
2025CSB1153,Adarsh Sharma,2025CSB1153,2025CSB1153,ADARSH SHARMA,1,2,0,2,1,6,[2-pass verified]
2025CSB1154,Aditya _,2025CSB1154,2025CSB1154,ADITYA,1,2,1,2,1,7,[2-pass verified]
2025CSB1156,Akanksha Kumari,2025CSB1156,2025CSB1156,AKANKSHA KUMARI,1,0,1,2,1,5,[2-pass verified]
2025CSB1157,Aman Gupta,2025CSB1157,2025CSB1157,AMAN GUPTA,1,-0.5,-0.25,2,1,3.25,[2-pass verified]
2025CSB1158,Amgoth Arun,2025CSB1158,2025CSB1158,AM GOTH ARUN,1,2,1,2,1,7,[2-pass verified]
2025CSB1159,Amulya Kabra,2025CSB1159,2025CSB1159,AMULYA KABRA,1,-0.5,1,-0.5,1,2,[2-pass verified]
2025CSB1160,Anjali Choudhary,2025CSB.11.60.,2025CSB1160,ANJALI CHOUDHARY,1,-0.5,1,-0.5,-0.25,0.75,[2-pass verified]
2025CSB1161,Ankush Raj,2025CSB1161,2025CSB1161,ANKUSH RAJ,1,2,1,2,1,7,[2-pass verified]
2025CSB1162,Ansh Garg,20.25.CSB.11.62,2025CSB1162,ANSH GARG,1,2,1,2,1,7,
2025CSB1163,Anuradha Kanaujiya,2025CSB1163,2025CSB1163,ANURADHA KANAUJIYA,1,-0.5,1,2,1,4.5,[2-pass verified]
2025CSB1164,Arpit Yadav,2025CSB1164,2025CSB1164,ARPIT...YADAV,1,2,1,-0.5,1,4.5,[2-pass verified]; Name mismatch: Sheet='Arpit Yadav' vs OCR='ARPIT...YADAV' (sim=0.40)
2025CSB1165,Arshi _,2025CSB1165,2025CSB1165,ARSHI,1,2,1,2,1,7,[2-pass verified]
2025CSB1166,Arya Singh Sidar,2025CSB1166,2025CSB1166,ARYA SINGH SIDAR,-0.25,-0.5,1,2,1,3.25,[2-pass verified]
2025CSB1168,Ashish _,2025CSB1168,2025CSB1168,ASHISH,1,2,1,2,1,7,[2-pass verified]
2025CSB1169,Ashlyn Aldrin Jose,2025CSB1169,2025CSB1169,ASHLYN ALDRIN JOSE,1,-0.5,-0.25,0,0,0.25,[2-pass verified]
2025CSB1170,Ayush Raj,2025CSB1170,2025CSB1170,AYUSH RAJ,1,2,1,2,1,7,[2-pass verified]
2025CSB1172,Beladiya Aryan Jitendrabhai,2025CSB1172,2025CSB1172,BELADIYA ARYAN JITENDRA BHAI,1,0,0,2,1,4,[2-pass verified]
2025CSB1173,Bhavesh Kumar,2025CSB1173,2025CSB1173,BHAVESH KUMAR,1,2,1,2,1,7,[2-pass verified]
2025CSB1174,Bhosale Harshvardhan Padmakar,2025.CSB1174,2025CSB1174,BHOSALE HARSHVARDHAN,1,-0.5,-0.25,-0.5,1,0.75,
2025CSB1175,Bijjula Sai Akshaya,2025CSB1175,2025CSB1175,BIJJULA SAI AKSHAYA,1,2,1,2,1,7,
2025CSB1176,Bollikonda Sai Bhargav,2025CSB1176,2025CSB1176,BOLKIKONDA SAIBHARGAV,1,2,1,2,1,7,[2-pass verified]
2025CSB1177,Bugatha Jay Ram,2025CSB1177,2025CSB1177,BUGATHA JAYRAM,1,2,-0.25,2,-0.25,4.5,
2025CSB1178,Chandan Singh,2025CSB1178,2025CSB1178,CHANDAN SINGH,1,2,1,2,1,7,[2-pass verified]
2025CSB1179,Chandana Akash Meher,2025CSB1179,2025CSB1179,CHANDANA. AKASH MEHER,-0.25,-0.5,1,0,1,1.25,[2-pass verified]
2025CSB1180,Chayan Juneja,2025CSB1180,2025CSB1180,CHAYAN JUNEJA,1,2,1,2,1,7,
2025CSB1182,Devam Baba Burhan,202565B1182,2025CSB1182,Devam. Baba. Burhan,1,0,1,-0.5,1,2.5,[2-pass verified]
2025CSB1183,Dhawal Rastogi,202.5CS.B.11.83,2025CSB1183,DHAWAL RASTOGI,1,2,1,2,1,7,[2-pass verified]
2025CSB1184,Dhiraj Kumar,2025.CSB1184,2025CSB1184,DHIRAJ KUMAR,-0.25,-0.5,1,2,1,3.25,[2-pass verified]
2025CSB1186,Dhruvesh Maithani,202.5CSB1186,2025CSB1186,Dhruvesh. Maithani,1,2,1,2,1,7,[2-pass verified]
2025CSB1187,Dhwanit Kalpesh Patel,2025CSB1187,2025CSB1187,DHWANIT KALPESH PATEL,1,2,1,2,1,7,
2025CSB1188,Digvijaya Singh,2025CSB1188,2025CSB1188,DIGVIJAYA SINGH,1,2,1,2,1,7,[2-pass verified]
2025CSB1189,Divya Gupta,2025CSB1189,2025CSB1189,DIVYA GUPTA,1,0,1,2,1,5,
2025CSB1190,Duddupudi Rupika,2025.C.S.B.1190,2025CSB1190,DUDDUPUDI RUPIKA,1,2,1,2,1,7,[2-pass verified]
2025CSB1192,Gorle Rupesh,2025CSB1192,2025CSB1192,GORLE RUPESH,1,-0.5,1,2,1,4.5,[2-pass verified]
2025CSB1193,Gourav _,2.0.25.C.SB.11.93,2025CSB1193,GOURA.V,1,-0.5,1,2,1,4.5,[2-pass verified]; Name mismatch: Sheet='Gourav _' vs OCR='GOURA.V' (sim=0.50)
2025CSB1194,Guguloth Karthik,2025CSB1194,2025CSB1194,GUGULOTH KARTHIK,0,0,1,0,0,1,[2-pass verified]
2025CSB1195,Gunjan Chaudhary,2025CS81195,2025CSB1195,GUNJAN CHAUDHARY,1,2,1,2,1,7,[2-pass verified]
2025CSB1196,Gurnoor Singh,2025CSB1196,2025CSB1196,GURNOOR SINGH,1,2,1,2,1,7,[2-pass verified]
2025CSB1197,Hanzala Zaid,2025CSB1197,2025CSB1197,HANZALA ZAID,1,2,1,0,0,4,[2-pass verified]
2025CSB1198,Hapavath Shiva Kumar,2025CSB1198,2025CSB1198,HAPAVATH SHIVA KUMAR,1,-0.5,1,2,1,4.5,[2-pass verified]
2025CSB1199,Harsh Thapar,2025CSB1199,2025CSB1199,HARSH THAPAR,1,2,1,-0.5,1,4.5,[2-pass verified]
2025CSB1201,Jaspreet Kaur,2025CSB1201,2025CSB1201,JASPREET KAUR,-0.25,-0.5,1,2,1,3.25,[2-pass verified]
2025CSB1202,Jatin Singla,2025CSB1202,2025CSB1202,Jatin single,1,2,1,0,1,5,[2-pass verified]
2025CSB1203,Jayanth Kumar Dahire,2025CSB1203,2025CSB1203,JAYANTH KUMAR DAHIRE,1,-0.5,1,-0.5,1,2,
2025CSB1204,Kanchi Aggarwal,2025CSB1204,2025CSB1204,KANCHI AGGARWAL,1,2,1,2,1,7,[2-pass verified]
2025CSB1205,Keerat Singh Vohra,2025CSB1205,2025CSB1205,KEERAT SINGH VOHRA,1,2,1,2,1,7,[2-pass verified]
2025CSB1206,Khush Varshney,2025CSB1206,2025CSB1206,KHUSH VARSHNEY,-0.25,2,1,-0.5,1,3.25,
2025CSB1207,Khushi Shinde,2025.CSB1207,2025CSB1207,KHUSHI. SHINDE,1,-0.5,1,-0.5,-0.25,0.75,[2-pass verified]
2025CSB1208,Kingson Ranjan,2025CSB1208,2025CSB1208,KINUSON. RANJAN,1,2,1,2,1,7,[2-pass verified]
2025CSB1209,Krishaa Sheetal Golghate,2025CSB1209,2025CSB1209,KRISHAA. SHEETAL GOLGHATE,1,0,-0.25,0,1,1.75,[2-pass verified]
2025CSB1210,Krrish Dagar,2025.CSB1.210,2025CSB1210,KRRISH DAGAR,-0.25,0,-0.25,0,1,0.5,[2-pass verified]
2025CSB1211,Kunal Singh Baghel,202565B1211,2025CSB1211,KUNAL SINGH BAGHEL,1,-0.5,1,-0.5,1,2,[2-pass verified]
2025CSB1212,Lakshay Kumar Padam,2025CSB1212,2025CSB1212,Lakshay Kumar Padam,0,0,1,0,1,2,[2-pass verified]
2025CSB1213,Leeza _,2025.CS.B.12.13,2025CSB1213,LEEZA,1,2,1,2,0,6,[2-pass verified]
2025CSB1214,Maaninder Singh,2025CSB1214,2025CSB1214,MAANINDER SINGH,1,2,1,2,1,7,[2-pass verified]
2025CSB1215,Mahit Chopra,2025CSB1215,2025CSB1215,MAHIT CHOPRA,1,2,1,2,1,7,
2025CSB1217,Manas Soumya,2025CSB1217,2025CSB1217,MANAS. SOUMYA,-0.25,2,-0.25,0,1,2.5,
2025CSB1218,Mansi Goyal,2025CSB1218,2025CSB1218,MANSI GOYAL,-0.25,-0.5,1,2,1,3.25,[2-pass verified]
2025CSB1220,Meet Kamlesh Trivedi,2025CSB1220,2025CSB1220,MEET KAMLESH TRIVEDI,1,2,1,2,1,7,[2-pass verified]
2025CSB1221,Menkudle Shreyash Sudhir,2025CSB.1221,2025CSB1221,MENKUDLE. SHREYASH SUDHIR,1,-0.5,1,2,1,4.5,
2025CSB1222,Minesh Kumar Meena,2025CSB1222,2025CSB1222,MINESH KUMAR MEENA,-0.25,-0.5,1,-0.5,1,0.75,[2-pass verified]
2025CSB1223,Mishra Rishikesh,2025CSB1223,2025CSB1223,MISHRA RISHIKESH,1,-0.5,1,2,1,4.5,[2-pass verified]
2025CSB1224,Mohit Dhaka,2025CSB1224,2025CSB1224,MOHIT DHAKA,1,2,1,2,1,7,[2-pass verified]
2025CSB1225,Monish Chandra Ponugoti,2025CSB1225,2025CSB1225,MONISH CHANDRA PONUGOTI,1,-0.5,1,2,1,4.5,[2-pass verified]
2025CSB1226,Muhammed Rehaan C T,2025.C.SB.1226,2025CSB1226,MUHAMMED. REHAAN ST,1,0,1,2,1,5,[2-pass verified]; Name mismatch: Sheet='Muhammed Rehaan C T' vs OCR='MUHAMMED. REHAAN ST' (sim=0.57)
2025CSB1227,Nambiar Aditya Manu,2025CSB1227,2025CSB1227,ADITYA NAMBIAR,1,2,1,-0.5,1,4.5,[2-pass verified]
2025CSB1228,Namit Jain,2025CSB1228,2025CSB1228,NAMIT JAIN,1,2,1,2,1,7,[2-pass verified]
2025CSB1229,Nilambuj Tripathi,2025.CSB1229,2025CSB1229,NILAMBUJ. TRIPATHI,1,0,1,0,1,3,[2-pass verified]
2025CSB1230,Ojasvi _,2025.CSB1230,2025CSB1230,OJASVI,1,0,1,0,1,3,[2-pass verified]
2025CSB1231,Paridhi _,2025CSB1231,2025CSB1231,PARIDHI,1,2,1,2,1,7,
2025CSB1232,Parkhi Jain,2025CSB1232..,2025CSB1232,PARKHI.. JAIN..,1,0,-0.25,-0.5,1,1.25,[2-pass verified]; Name mismatch: Sheet='Parkhi Jain' vs OCR='PARKHI.. JAIN..' (sim=0.56)
2025CSB1234,Piyush Kumar,2025CSB1234,2025CSB1234,PIYUSH KUMAR,1,-0.5,1,0,1,2.5,[2-pass verified]
2025CSB1235,Poorab Singhi,2025CSB1235,2025CSB1235,POORAB SINGHI,1,-0.5,1,2,1,4.5,
2025CSB1236,Pragam Dixit,2025CSB1236,2025CSB1236,PRAGAM DIXIT,1,2,1,2,1,7,[2-pass verified]
2025CSB1238,Prattoy Das,2025 CSB 1238,2025CSB1238,PRATTOY DAS,-0.25,2,-0.25,2,1,4.5,[2-pass verified]
2025CSB1239,Preeti _,2025CSB1239,2025CSB1239,Preeti PREETI,1,-0.5,0,-0.5,-0.25,-0.25,Name mismatch: Sheet='Preeti _' vs OCR='Preeti PREETI' (sim=0.54)
2025CSB1240,Raghav Anand,2025CSB1240,2025CSB1240,RAGHAV ANAND,-0.25,2,1,0,1,3.75,[2-pass verified]
2025CSB1241,Ram Krishna Das,2025CSB1241,2025CSB1241,RAM KRISHNA DAS,1,2,1,2,-0.25,5.75,[2-pass verified]
2025CSB1242,Rishit Gupta,2025CSB1242,2025CSB1242,RISHIT GUPTA,1,2,1,2,1,7,[2-pass verified]
2025CSB1243,Ritesh Gupta,2025CSB1243,2025CSB1243,RITESH GUPTA,1,2,1,2,1,7,[2-pass verified]
2025CSB1244,Ritika Chaudhary,2025CSB1244,2025CSB1244,RITIKA CHAUDHARY,1,0,1,2,1,5,
2025CSB1245,Ritul Kumar,2025CSB1245,2025CSB1245,RITUL KUMAR,1,0,1,2,1,5,[2-pass verified]
2025CSB1246,Rohan Yadav,2025.CSB.1246,2025CSB1246,ROHAN YADAV,1,-0.5,1,2,1,4.5,
2025CSB1247,Rohit Kumar Gond,2025CSB1247,2025CSB1247,ROHIT KUMAR GOND,-0.25,-0.5,1,-0.5,0,-0.25,[2-pass verified]
2025CSB1248,Rudra _,2025CSB1248,2025CSB1248,RUDRA,1,0,-0.25,2,1,3.75,
2025CSB1249,Sai Pastham,2025CSB1249,2025CSB1249,SAI PASTHAM,1,-0.5,1,-0.5,0,1,
2025CSB1250,Sainyam Sanjog Sharma,2025CSB1250,2025CSB1250,SAINYAM SANJOG SHARMA,1,2,1,2,1,7,[2-pass verified]
2025CSB1251,Saksham _,2025CSB/25),2025CSB1251,SAKSHAM,-0.25,2,1,2,1,5.75,[2-pass verified]
2025CSB1252,Saksham Garg,2025CSB1252,2025CSB1252,SAKSHAM GARG,1,2,1,2,1,7,[2-pass verified]
2025CSB1253,Saksham Yadav,2025CSB1253,2025CSB1253,SAKSHAM YADAV,1,-0.5,1,-0.5,1,2,[2-pass verified]
2025CSB1254,Sakshat Bansal,2025CSB1254,2025CSB1254,SAKSHAT BANSAL,1,2,1,2,1,7,
2025CSB1255,Satyam Bharti,2025CSB1255,2025CSB1255,SATYAM BHARTI,0,0,1,0,-0.25,0.75,[2-pass verified]
2025CSB1256,Saurabhraj Singh,2025CSB1256,2025CSB1256,SAURABHRAJ SINGH,1,2,1,2,1,7,[2-pass verified]
2025CSB1257,Shalin Javaria,2025CSB1257,2025CSB1257,SHALIN JAVARIA,1,2,1,2,1,7,[2-pass verified]
2025CSB1259,Sidda Vasumat,202.5.CSB.1.259,2025CSB1259,SIDDA. VASUMAT,1,2,1,2,1,7,[2-pass verified]
2025CSB1260,Somil Dhawan,2025CSB1260,2025CSB1260,SOMIL DHAWAN,1,2,0,2,1,6,[2-pass verified]
2025CSB1261,Surineni Shloka,2025CSB1261,2025CSB1261,SURINENI SHLOKA,1,-0.5,1,2,1,4.5,[2-pass verified]
2025CSB1262,Tanisha _,2025CSB1262,2025CSB1262,TANISHA,1,2,-0.25,2,1,5.75,[2-pass verified]
2025CSB1263,Tanmay Kumar Jayant,2025CSB1263,2025CSB1263,TANMAY KUMAR JAYANT,1,2,0,2,-0.25,4.75,[2-pass verified]
2025CSB1264,Tanuj _,2025CSB1264,2025CSB1264,TANUJ,1,2,1,2,-0.25,5.75,[2-pass verified]
2025CSB1265,Tushar _,2025CSB1265,2025CSB1265,TUSHAR,-0.25,2,1,-0.5,1,3.25,[2-pass verified]
2025CSB1266,Varun Meena,2025CSB1266,2025CSB1266,Varun Meena,-0.25,0,1,-0.5,1,1.25,[2-pass verified]
2025CSB1267,Vineet Jatol,2025CSB1267,2025CSB1267,VINEET JATOL,-0.25,0,1,0,-0.25,0.5,[2-pass verified]
2025CSB1641,Shubham Kumar,2025CSB1641,2025CSB1641,SHUBHAM KUMAR,0,-0.5,1,-0.5,0,0,
2025MCB1453,Aare Pranavi,2025MCB1453,2025MCB1453,AARE PRANAVI,1,0,-0.25,0,-0.25,0.5,
2025MCB1454,Aayush Santosh Bhosale,2025M031454,2025MCB1454,Aaywh Santosh Bhosale,1,2,1,2,1,7,
2025MCB1455,Abhinav Rastogi,2025MCB1455,2025MCB1455,ABHINAV RASTOGI,0,0,1,0,1,2,[2-pass verified]
2025MCB1456,Abhiraj Maurya,2025MCB1456,2025MCB1456,ABHIRAJ MAURYA,1,2,1,2,1,7,
2025MCB1457,Adamya Rajput,202.5MCB.1457,2025MCB1457,ADAMYA RAJPUT,0,0,1,0,1,2,[2-pass verified]
2025MCB1458,Adarsh Singh,2025.MCB.1458,2025MCB1458,ADARSH SINGH,1,0,1,2,1,5,[2-pass verified]
2025MCB1459,Aditya Anand,2025MCB1459,2025MCB1459,ADITYA ANAND,1,2,1,2,1,7,
2025MCB1460,Aditya Negi,2025MCB1460,2025MCB1460,ADITYA NEGI,1,-0.5,1,0,1,2.5,[2-pass verified]
2025MCB1461,Ajitesh Singh Bhullar,2025MCB1461,2025MCB1461,AJITESH SINGH BHULLAR,0,2,1,0,1,4,[2-pass verified]
2025MCB1462,Amey Jangra,2025.MCB.1462,2025MCB1462,AMEY JANGRA,1,2,1,2,1,7,[2-pass verified]
2025MCB1463,Anika Agrawal,2025MCB1463,2025MCB1463,ANIKA AGRAWAL,1,-0.5,1,2,1,4.5,
2025MCB1464,Anshika Sharma,2025MCB1464,2025MCB1464,ANSHIKA SHARMA,1,2,1,2,1,7,[2-pass verified]
2025MCB1465,Arhaan Singh,2025MCB1465,2025MCB1465,ARMAAN SINGH,1,0,1,2,1,5,
2025MCB1467,Aryan Dhar,2025MCB1467,2025MCB1467,ARYAN DHAR,1,2,1,-0.5,1,4.5,[2-pass verified]
2025MCB1468,Aryan Sahu,2025MCB1468,2025MCB1468,ARYAN SAHU,0,0,1,0,1,2,[2-pass verified]
2025MCB1469,Ashamveer Singh Sallan,2025MCB1469,2025MCB1469,ASHAMVEER SINGH SALLAN,1,0,0,0,1,2,[2-pass verified]
2025MCB1470,Boddu Kasyap,2025MCB1470,2025MCB1470,B. KASYAP,1,-0.5,1,2,1,4.5,[2-pass verified]; Name mismatch: Sheet='Boddu Kasyap' vs OCR='B. KASYAP' (sim=0.49)
2025MCB1471,Challa Niharika,2025MCB14.71,2025MCB1471,CHALLA NIHARIKA,1,0,1,2,1,5,[2-pass verified]
2025MCB1472,Chetan Yadav,2025MCB1472,2025MCB1472,CHETAN YADAV,-0.25,-0.5,-0.25,-0.5,0,-1.5,[2-pass verified]
2025MCB1474,Debasis Pradhan,2025MCB1474,2025MCB1474,DEBASIS PRADHAN,1,0,1,0,1,3,[2-pass verified]
2025MCB1475,Dharyaveer Singh,2025MCB1475,2025MCB1475,DHARYAVEER SINGH,1,2,1,2,1,7,[2-pass verified]
2025MCB1476,Divyanshu Saroj,2025MCB1476,2025MCB1476,DIVYANSHU SAROJ,1,-0.5,1,2,1,4.5,[2-pass verified]
2025MCB1477,Ekamjot Singh,2025 MCB 1477,2025MCB1477,EKAMJOT SINGH,1,2,1,2,1,7,[2-pass verified]
2025MCB1478,Harendra Fageriya,2025.MCB.1478,2025MCB1478,HARENDRA FAGERIYA,1,0,1,-0.5,-0.25,1.25,[3-pass verified]
2025MCB1479,Harshil Goyal,2025MCB1479,2025MCB1479,HARSHIL GOYAL,1,2,1,2,1,7,
2025MCB1481,J Nagachaitanya,2025M.CB1481,2025MCB1481,Nagachaitanya,-0.25,-0.5,1,2,-0.25,2,[2-pass verified]
2025MCB1482,Jashraj Singh Parmar,2025MCB1482,2025MCB1482,JASHRAJ SINGH PARMAR,1,2,1,2,1,7,[2-pass verified]
2025MCB1483,Jatin Dahiya,2025MCB1483,2025MCB1483,JATIN DAHIYA,1,2,-0.25,2,1,5.75,[2-pass verified]
2025MCB1484,Kartik Madavi,2025MCB1484,2025MCB1484,KARTIK MADAVI,1,2,0,0,1,4,[2-pass verified]
2025MCB1485,Kashish Aggarwal,2025MCB1485,2025MCB1485,KASHISH AGGARWAL,1,2,1,2,1,7,[2-pass verified]
2025MCB1486,Katepally Siri Chandana,2025MCB1486,2025MCB1486,K.SIRI.CHANDANA,-0.25,0,1,2,1,3.75,[2-pass verified]; Name mismatch: Sheet='Katepally Siri Chandana' vs OCR='K.SIRI.CHANDANA' (sim=0.29)
2025MCB1487,Kratika Verma,2025MCB1487,2025MCB1487,Kratika verma,1,0,-0.25,0,1,1.75,[2-pass verified]
2025MCB1488,Kyadasi Surya Teja,2025MCB1488,2025MCB1488,K SURYA TEJA,1,-0.5,1,-0.5,1,2,
2025MCB1489,Lakshya Goswami,2025MCB1489,2025MCB1489,LAKSHYA GOSWAMI,1,2,1,2,1,7,[2-pass verified]
2025MCB1491,Manish _,2025MCB1491,2025MCB1491,MANISH,0,2,-0.25,-0.5,1,2.25,[2-pass verified]
2025MCB1493,Mansha _,202SMCB1493,2025MCB1493,MANSHA,1,-0.5,1,2,1,4.5,[2-pass verified]
2025MCB1495,Matte Suchith Naidu,2025MCB1495,2025MCB1495,M SUCHITH NAIDU,0,0,-0.25,-0.5,1,0.25,[2-pass verified]
2025MCB1496,Meesala Gouthami,2025MCB1496,2025MCB1496,MEESALA GOUTHAMI,1,-0.5,1,2,-0.25,3.25,
2025MCB1497,Mridul Kumar Rathore,2025.MCB.1497,2025MCB1497,MRIDUL KUMAR RATHORE,-0.25,2,1,-0.5,1,3.25,[2-pass verified]
2025MCB1498,Mukesh Prajapat,202.5M.CB1498,2025MCB1498,MUKESH PRAJAPAT,-0.25,-0.5,1,0,-0.25,0,
2025MCB1499,Nandasana Malay Jagdishbhai,2025MCB1499,2025MCB1499,NANDASANA MALAY JAGDISHBHAI,1,2,1,2,1,7,[2-pass verified]
2025MCB1500,Neelabh Mishra,2025 MCB1500,2025MCB1500,NEELABH MISHRA,1,-0.5,1,2,1,4.5,[2-pass verified]
2025MCB1502,Nishant _,2025MCB1502,2025MCB1502,NISHANT,1,2,0,0,1,4,[2-pass verified]
2025MCB1503,Obulampalli Nipun Tej Reddy,2025MCB1503,2025MCB1503,O. NIPUN TEJ REDDY,1,0,1,2,1,5,[2-pass verified]
2025MCB1504,Paghadal Jenis Alpeshbhai,2025.MCB1504,2025MCB1504,PAGHADAL JENIS ALPESHBHAI,1,2,1,2,1,7,[2-pass verified]
2025MCB1505,Param Damani,2025MCB1505,2025MCB1505,PARAM DAMANI,1,2,1,2,1,7,[2-pass verified]
2025MCB1506,Praveen Verma,2025MCB1506,2025MCB1506,PRAVEEN VERMA,-0.25,2,1,-0.5,1,3.25,[2-pass verified]
2025MCB1507,Prithvi Nilesh Presswala,20.25.MCB.1507,2025MCB1507,PRITHVI,1,2,1,2,1,7,[2-pass verified]; Name mismatch: Sheet='Prithvi Nilesh Presswala' vs OCR='PRITHVI' (sim=0.35)
2025MCB1508,Priyesh Rai,2025MCB1508,2025MCB1508,PRIYESH RAI,1,-0.5,1,2,1,4.5,[2-pass verified]
2025MCB1509,Rishi Kumawat,202.5 MCB1509,2025MCB1509,RISHI KUMAWAT,1,2,1,2,1,7,
2025MCB1510,Ritesh Rai,2025MCB1510,2025MCB1510,RITESH RAI,1,2,1,2,1,7,
2025MCB1511,Ronit Biswal,2025MCB1511,2025MCB1511,RONIT BISWAL,1,2,1,2,1,7,[2-pass verified]
2025MCB1513,Sakshi Meena,2025M.CB1513,2025MCB1513,SAKSHI. MEENA,1,2,1,2,1,7,[2-pass verified]
2025MCB1514,Samarth Jain,2025MCB1514,2025MCB1514,SAMARTH JAIN,1,2,1,2,1,7,[2-pass verified]
2025MCB1515,Samrat Sanjiva,2025MCB1515,2025MCB1515,SAMRAT SANJIVA,1,2,1,2,1,7,
2025MCB1517,Seerat Mehta,2025MCB1517,2025MCB1517,SEERAT MEHTA,1,-0.5,1,0,1,2.5,
2025MCB1518,Shivam Garg,2025MCB1518,2025MCB1518,SHIVAM GARG,1,0,0,2,0,3,[2-pass verified]
2025MCB1519,Shravan _,2025MEBIS19,2025MCB1519,Sh. Rawan / SHRAVAN,1,-0.5,-0.25,-0.5,1,0.75,[2-pass verified]; Name mismatch: Sheet='Shravan _' vs OCR='Sh. Rawan / SHRAVAN' (sim=0.35)
2025MCB1520,Shreyansh Raj,2025MCB1520,2025MCB1520,SHREYANSH RAJ,-0.25,2,1,2,1,5.75,[2-pass verified]
2025MCB1521,Shruti Rai,2025mcb1521,2025MCB1521,Shrutt Rai,1,0,-0.25,2,1,3.75,[3-pass verified]
2025MCB1522,Surya Madrekar,2025MCB1522,2025MCB1522,SURYA MADREKAR,1,2,1,-0.5,-0.25,3.25,[2-pass verified]
2025MCB1523,Tanish Takkar,2025MCB1523,2025MCB1523,TANISH TAKKAR,1,2,1,2,1,7,[2-pass verified]
2025MCB1524,Tanvir Jaurr,2025MCB1524,2025MCB1524,TANVIR JAURR,1,-0.5,1,-0.5,1,2,[2-pass verified]
2025MCB1525,Thouti Sai Prasanna Goud,2025MCB1525,2025MCB1525,SAI PRASANNA,1,2,1,2,1,7,[2-pass verified]; Name mismatch: Sheet='Thouti Sai Prasanna Goud' vs OCR='SAI PRASANNA' (sim=0.51)
2025MCB1526,Vaisetti Manvith,2025MCB1526,2025MCB1526,Manvith Vaisetti,1,2,1,2,1,7,
2025MCB1527,Vanshika Singh,2025MCB1527,2025MCB1527,VANSHIKA SINGH,0,2,1,0,1,4,
2025MCB1528,Veer _,2025MCB1528,2025MCB1528,VEER,1,-0.5,1,2,1,4.5,
2025MCB1529,Vishu Garg,2025 MCB 1529,2025MCB1529,VISHU. GARG,1,2,1,2,1,7,[2-pass verified]
2025MCB1530,Yash Nehra,2025MCB/530,2025MCB1530,YASH NEHRA,1,2,1,2,1,7,[2-pass verified]
2024MCB1261,ARAHANA GARG,2024MCB1251,2024MCB1251,ARAHANA GARG,1,2,1,2,1,7,"Fuzzy Match: OCR ID='2024MCB1251', OCR Name='ARAHANA GARG'"
2025CSB1167,Aryan Kumar,2025CSB1263,2025CSB1263,YASH KUMAR,1,2,-0.25,0,1,3.75,"[2-pass verified]; Fuzzy Match: OCR ID='2025CSB1263', OCR Name='YASH KUMAR'"
2025CSB1181,Daksh Gupta,202SCSB118,2025CSB1180,Daksh Gupta,1,2,1,2,1,7,"[2-pass verified]; Fuzzy Match: OCR ID='202SCSB118', OCR Name='Daksh Gupta'"
2025CSB1185,Dhruv Kumar Gupta,2015CSB1185,2015CSB1185,DHRUV KUMAR GUPTA,1,2,1,2,1,7,"[2-pass verified]; Fuzzy Match: OCR ID='2015CSB1185', OCR Name='DHRUV KUMAR GUPTA'"
2025CSB1191,Gorish Lamba,2025CSB119,2025CSB1190,GORISH LAMBA,-0.25,-0.5,1,2,1,3.25,"[2-pass verified]; Fuzzy Match: OCR ID='2025CSB119', OCR Name='GORISH LAMBA'"
2025CSB1200,Izyan Zuberi,202.55.8.1200,2025SBB2000,IZVAN ZUPERI,1,-0.5,1,2,1,4.5,"[2-pass verified]; Fuzzy Match: OCR ID='202.55.8.1200', OCR Name='IZVAN ZUPERI'"
2025CSB1237,Pranjal Agarwal,2025C8B1237,2025CBB1237,PRANJAL. AGARWAL,1,2,1,2,1,7,"[2-pass verified]; Fuzzy Match: OCR ID='2025C8B1237', OCR Name='PRANJAL. AGARWAL'"
2025MCB1466,Arnav Singh,2025MCB.19.66,2025MCB1966,ARNAY SINGH,1,2,1,2,1,7,"[2-pass verified]; Fuzzy Match: OCR ID='2025MCB.19.66', OCR Name='ARNAY SINGH'"
2025MCB1473,Dasari Anushna,20217CB1473,2021TCB1473,Anushna,0,0,1,0,0,1,"[2-pass verified]; Fuzzy Match: OCR ID='20217CB1473', OCR Name='Anushna'"
2025MCB1516,Sarthak Nayak,2025MC(B)S16,2025MCB8151,Sarthek Nayek,1,-0.5,1,0,1,2.5,"[2-pass verified]; Fuzzy Match: OCR ID='2025MC(B)S16', OCR Name='Sarthek Nayek'"
2022CSB1078,DHARMASOTH VIKRAMNAIK,,,,,,,,,0,Absent / No Answer Sheet Found
2024MCB1297,JAYANT KUMAR NANDA,,,,,,,,,0,Absent / No Answer Sheet Found
2025CSB1155,Aditya Gothwal,,,,,,,,,0,Absent / No Answer Sheet Found
2025CSB1216,Mainam Dushyanth,,,,,,,,,0,Absent / No Answer Sheet Found
2025CSB1219,Mayank _,,,,,,,,,0,Absent / No Answer Sheet Found
2025CSB1233,Parth Shainesh,,,,,,,,,0,Absent / No Answer Sheet Found
2025CSB1268,Yash Kumar,,,,,,,,,0,Absent / No Answer Sheet Found
2025MCB1480,Hazel Garg,,,,,,,,,0,Absent / No Answer Sheet Found
2025MCB1490,Lalit Kumar,,,,,,,,,0,Absent / No Answer Sheet Found
2025MCB1492,Manish Raj Ahirwar,,,,,,,,,0,Absent / No Answer Sheet Found
2025MCB1494,Marwan P K Rahman,,,,,,,,,0,Absent / No Answer Sheet Found
2025MCB1501,Nenavath Naveen,,,,,,,,,0,Absent / No Answer Sheet Found
,,,,,,,,,,,
,STATISTICS,,,,,,,,,,
,Mean / Average,,,,,,,,,4.325829384,
,Median,,,,,,,,,4.5,
,Highest,,,,,,,,,7,
,Lowest,,,,,,,,,-1.5,